NORAD_ID,NAME,TYPE,STATUS,LATITUDE_DEG,LONGITUDE_DEG,ALTITUDE_KM,VELOCITY_KM_S,AGENCY
25544,"ISS (ZARYA)",Space Station,Active,48.6975,-24.5877,271.06,7.751,"NASA (ODPO)"
20580,"HUBBLE SPACE TELESCOPE",Satellite,Active,27.1331,-122.8353,565.71,7.584,"NASA (ODPO)"
51044,"STARLINK-3142",Satellite,Active,31.5992,-113.4963,535.61,7.599,"USSPACECOM"
27370,"ENVISAT (DERELICT)",Debris,Defunct,8.3497,98.8985,771.59,7.469,"ESA"
34454,"COSMOS 2251 DEB #34454",Debris,Critical,-44.4527,-106.5059,524.55,7.604,"USSPACECOM"
31214,"FENGYUN 1C DEB #31214",Debris,Critical,-30.3514,-68.4598,638.18,7.528,"CelesTrak"
48274,"TIANGONG SPACE STATION",Space Station,Active,43.5612,-162.1469,419.71,7.66,"CelesTrak"
47960,"ELSA-d ADR SERVICER",Satellite,Active,41.8044,170.1776,679.72,7.522,"JAXA"
53812,"LONG MARCH 2D R/B",Rocket Body,Defunct,-20.2398,36.3714,659.94,7.515,"CelesTrak"
